Provider Name,State,City,Payment
"ALBURG VOLUNTEER FIRE DEPARTMENT, INC.",VT,ALBURG,3113
ASSOCIATES IN RADIOLOGY OF PLATTSBURGH NY PC,VT,ALBURGH,131151
ROBERT WOLFORD,VT,ALBURGH,1694
ARLINGTON RESCUE SQUAD INC,VT,ARLINGTON,7494
BATTENKILL VALLEY HEALTH CENTER INC,VT,ARLINGTON,138084
PAULA SHULMAN,VT,ARLINGTON,1169
ACCENT ORTHODONTICS INC,VT,BARRE,10186
"BARRE DENTISRY &AMP; IMPLANTS, PLC",VT,BARRE,29322
BARRE GARDENS NURSING AND REHAB,VT,BARRE,768782
BARRE PHARMACY LLC,VT,BARRE,939
BENJAMIN WELCH,VT,BARRE,2323
CAREY YEATON,VT,BARRE,480
CARL HILTON VANOSDALL,VT,BARRE,76
"CENTRAL VERMONT HOME HEALTH & HOSPICE, INC.",VT,BARRE,660419
"CENTRAL VERMONT MEDICAL CENTER, INC.",VT,BARRE,18145954
"CENTRAL VERMONT ORTHODONTICS, PLC",VT,BARRE,36382
CHOICE PHYSICAL THERAPY,VT,BARRE,52507
CHRISTOPHER HENDERSON,VT,BARRE,1302
CITY OF BARRE,VT,BARRE,20905
CURTIS HEALEY,VT,BARRE,1315
DANIEL WOODCOCK,VT,BARRE,1469
DAVID RIPLEY,VT,BARRE,11299
DAVID W BUTSCH MD PROF CORP,VT,BARRE,1167
EASTER SEALS VERMONT INC.,VT,BARRE,1386
ERIC FRIEDMAN,VT,BARRE,876
"GEORGE & KOCH DENTAL ASSOCIATES, PC",VT,BARRE,239691
JENNIE HOLDEN PLC,VT,BARRE,2216
JULIE BRADSHAW,VT,BARRE,1771
KARIN SEIDEL,VT,BARRE,838
KATHERINE BRAMHALL,VT,BARRE,1285
LOUIS J CASSANI,VT,BARRE,275
MARIE I. FORTIER,VT,BARRE,5527
MEDOPTIONS OF VERMONT LLC,VT,BARRE,25110
MELANIE LEGEROS,VT,BARRE,113
NEW ENGLAND ORAL SURGERY PC,VT,BARRE,263716
NICHOLAS MARCONI,VT,BARRE,587
REGINA TRAILWEAVER,VT,BARRE,1735
RICHARD C WOLLENSAK DDS,VT,BARRE,15360
"STEPHANIE LANDVATER, MD PLC",VT,BARRE,2639
TOWN OF BARRE,VT,BARRE,55908
Z JIA DMD PLLC,VT,BARRE,18053
"KINGDOM REHAB CENTER, LLC",VT,BARTON,951303
PAUL BERARD,VT,BARTON,758
"DAVID M HEYDENREICH DMD, PC",VT,BELLOWS FALLS,12828
DR. VERNON R. TEMPLE,VT,BELLOWS FALLS,3849
"GREATER FALLLS PHARMACY, INC.",VT,BELLOWS FALLS,1775
"JAHANGIR MOZAFFARI, DDS, PLLC",VT,BELLOWS FALLS,20387
JORDAN RIVER DENTAL LTD,VT,BELLOWS FALLS,12391
RICHARD DOUCET LICSW LLC,VT,BELLOWS FALLS,850
TIMOTHY JOHNSON,VT,BELLOWS FALLS,13751
VALARIE MCGETTIGAN,VT,BELLOWS FALLS,2199
WALTER GRIFFITHS,VT,BELLOWS FALLS,7409
ADVANCED EYECARE PC,VT,BENNINGTON,132681
AMANDA BURROWS,VT,BENNINGTON,432
ANGELA WINGATE,VT,BENNINGTON,6326
ASA MORIN,VT,BENNINGTON,34
"BENNINGTON DENTAL CENTER, PC",VT,BENNINGTON,19184
BETH HALPERN,VT,BENNINGTON,1516
CHIRO MED & REHAB,VT,BENNINGTON,7433
"CLINICAL NEUROSCIENCE RESEARCH ASSOCIATES, INC",VT,BENNINGTON,13559
CM HEALTHCARE LLC,VT,BENNINGTON,605701
DAVID BROWN,VT,BENNINGTON,2017
DAVID MELLINGER,VT,BENNINGTON,4871
DR. NANCY L. BURNS PC,VT,BENNINGTON,3900
ELIZABETH FREDLAND,VT,BENNINGTON,662
ERIC SEYFERTH,VT,BENNINGTON,12016
EXTENDED CARE PHARMACY LLC,VT,BENNINGTON,347
GRACE WILSON,VT,BENNINGTON,714
"GREEN MOUNTAIN PEDIATRICS, PC",VT,BENNINGTON,26711
KATHLEEN THUNBERG,VT,BENNINGTON,1521
KRISTEN MUNSON,VT,BENNINGTON,2066
LESLIE GLAZER,VT,BENNINGTON,1716
LISA CATAPANO FRIEDMAN,VT,BENNINGTON,535
LOUIS PROPP,VT,BENNINGTON,192
"MANINDRA N GHOSH, M.D., PLLC",VT,BENNINGTON,17055
MARJORIE LAROWE,VT,BENNINGTON,1626
MARY JEAN SADLAK PHD PC,VT,BENNINGTON,3057
MARY MAZZOLA,VT,BENNINGTON,2389
MOUNT ANTHONY HOUSING CORPORATION,VT,BENNINGTON,1109499
NORA G PARSONS,VT,BENNINGTON,748
PHARMACY INC,VT,BENNINGTON,10056
PROGRESSIVE PHYSICAL THERAPY LLC,VT,BENNINGTON,3411
RICHARD DONELA,VT,BENNINGTON,3265
RUTH MYERS,VT,BENNINGTON,418
"SALEM DENTISTRY, PC",VT,BENNINGTON,21996
SHERIDAN HEALTHCARE OF VERMONT INC,VT,BENNINGTON,31250
SHIRKSHIRE COUNSELING PLC,VT,BENNINGTON,591
SOUTHWESTERN VERMONT MEDICAL CENTER INC,VT,BENNINGTON,9745970
TOWN OF BENNINGTON RESCUE SQUAD INC,VT,BENNINGTON,71762
"UNION STREET DENTAL, PLC",VT,BENNINGTON,60872
"UNITED COUNSELING SERVICE OF BENNINGTON COUNTY, INC.",VT,BENNINGTON,14001
VERMONT VETERANS' HOME,VT,BENNINGTON,1317891
WOMENS VIEW MIDWIFERY LLP,VT,BENNINGTON,6630
ANDREW MINKIN,VT,BERLIN,12538
BARRY RUFENACHT,VT,BERLIN,804
DAY KOKAREV,VT,BERLIN,1778
ERIC ASNIS,VT,BERLIN,12075
JANET Y HINZMAN,VT,BERLIN,39094
JOSIE KOKAREV,VT,BERLIN,1779
MARGOT PRENDERGAST,VT,BERLIN,1516
MARK E CRANE M.D.,VT,BERLIN,55653
ROGER KELLOGG,VT,BERLIN,9759
ROGER KELLOGG,VT,BERLIN,74
TRACY LOYSEN,VT,BERLIN,8
EYECARE FOR YOU PC,VT,BETHEL,7815
ROBERT VAILLANCOURT,VT,BETHEL,2006
"WHITE RIVER VALLEY AMBULANCE,INC.",VT,BETHEL,24191
"EASTMAN, WOZNIAK, GROEBE & SCHAFER PEDIA",VT,BIRMINGHAM,116912
"SLATE VALLEY PHYSICAL THERAPY, INC.",VT,BOMOSEEN,2957
BARTON STREET DENTAL P.C.,VT,BRADFORD,98645
BRADFORD OPTICAL,VT,BRADFORD,6673
DOUGLAS SPECK,VT,BRADFORD,1709
ENHANCED LIVING INC,VT,BRADFORD,30213
HEIDI NOSTRANT,VT,BRADFORD,1125
LITTLE RIVERS HEALTH CARE,VT,BRADFORD,1564421
SINCLAIR CHIROPRACTIC CLINIC PC,VT,BRADFORD,4629
UPPER VALLEY NUTRITION SERVICES LLC,VT,BRADFORD,64
UPPER VALLEY PEDIATRICS PLLC,VT,BRADFORD,21896
BRANDON AREA RESCUE SQUAD INC,VT,BRANDON,10492
CHARLES L FOSTER DC PC,VT,BRANDON,25368
ANESTHESIA PHYSICIANS OF BRATTLEBORO PLLC,VT,BRATTLEBORO,33276
ANNE LITTLE,VT,BRATTLEBORO,876
BARBARA BELCHER TIMME,VT,BRATTLEBORO,1078
BEL CENTER,VT,BRATTLEBORO,8637
BILLIE FAIRBROTHER LICSW LLC,VT,BRATTLEBORO,162
BIOLOGIC INTEGRATIVE HEALTHCARE LLC,VT,BRATTLEBORO,17144
"BRATTLEBORO CROSSINGS, LLC",VT,BRATTLEBORO,673857
BRATTLEBORO HEARING CENTER INC,VT,BRATTLEBORO,1938
BRATTLEBORO MEMORIAL HOSPITAL,VT,BRATTLEBORO,11407618
"BRATTLEBORO MUTUAL AID ASSOCIATION, INC.",VT,BRATTLEBORO,365294
BRATTLEBORO RETREAT,VT,BRATTLEBORO,5089609
CARING CHIROPRACTIC PLLC,VT,BRATTLEBORO,2579
CRAIG GOLDBERG,VT,BRATTLEBORO,14930
D&K LIEBOW LLC,VT,BRATTLEBORO,15516
DANA MCGINN,VT,BRATTLEBORO,21697
DANIEL WADE,VT,BRATTLEBORO,3154
DAVID LEVINGSTON,VT,BRATTLEBORO,1369
DIANE LEARDI,VT,BRATTLEBORO,694
DORCAS GRAY,VT,BRATTLEBORO,1214
ELEANOR RILEY,VT,BRATTLEBORO,1908
ELI BURKE,VT,BRATTLEBORO,1299
"FAMILIES FIRST IN SOUTHERN VERMONT, INC.",VT,BRATTLEBORO,136992
GERALD R THEBERGE DDS & JACQUELINE A FELLOWS DMD PTRS,VT,BRATTLEBORO,28564
HARVEY LISS,VT,BRATTLEBORO,1798
HELEN SCHEPARTZ,VT,BRATTLEBORO,2372
HOTEL PHARMACY INC.,VT,BRATTLEBORO,859
"ILLUZZI, FRANK DDS",VT,BRATTLEBORO,17511
INNER BRIDGES COUNSELING PLLC,VT,BRATTLEBORO,1497
JANET CRAMER,VT,BRATTLEBORO,2202
JANICE MALIN,VT,BRATTLEBORO,2870
JARRETT CALTRIDER,VT,BRATTLEBORO,3268
JEFFRY POTASH MD PC,VT,BRATTLEBORO,13374
JENIFER W. AMBLER,VT,BRATTLEBORO,7869
JEREMY SETH HOFFMAN,VT,BRATTLEBORO,3305
JILL NEITLICH,VT,BRATTLEBORO,2432
"JOHN C. DUFF, OD",VT,BRATTLEBORO,7940
JOHN GLICK,VT,BRATTLEBORO,7200
JOSEPH PUMILIA,VT,BRATTLEBORO,2370
JOSEPH SANTRY,VT,BRATTLEBORO,2560
JUDITH STROM,VT,BRATTLEBORO,1846
JULIA MCDOUGAL RONCONI,VT,BRATTLEBORO,753
JULIE EMOND PHYSICAL THERAPY LIMITED PARTNERSHIP D/B/A MAPLE,VT,BRATTLEBORO,53014
KAREN KRAHAM,VT,BRATTLEBORO,1862
KILLY BASCOM LICSW PLLC,VT,BRATTLEBORO,710
LEILA BATE,VT,BRATTLEBORO,574
LINDA STROM,VT,BRATTLEBORO,1131
LOREN COLE,VT,BRATTLEBORO,1844
LORI THORNTON,VT,BRATTLEBORO,146
MARCY CAULKINS,VT,BRATTLEBORO,2713
MARGARET SHELBY,VT,BRATTLEBORO,735
MARK KILGALLON,VT,BRATTLEBORO,24
MARTHA STRAUS,VT,BRATTLEBORO,153
MEREDITH BERNSTEIN,VT,BRATTLEBORO,582
MICHAEL DURANTE,VT,BRATTLEBORO,2213
"MONTPELIER PHARMACY, INC.",VT,BRATTLEBORO,296
NANCY KALE,VT,BRATTLEBORO,795
"PHYSICAL THERAPY SERVICES OF BRATTLEBORO, INC.",VT,BRATTLEBORO,5716
RAYMOND MARIANI,VT,BRATTLEBORO,291
RESCUE INC,VT,BRATTLEBORO,255478
RICHARD LANGSNER,VT,BRATTLEBORO,810
RIVER BEND CHIROPRACTIC,VT,BRATTLEBORO,1250
ROBERT AUSTIN,VT,BRATTLEBORO,16290
ROBERT J COTTER BRATTLEBORO FAMILY EYE CARE,VT,BRATTLEBORO,24379
S&A HEALTHCARE,VT,BRATTLEBORO,11300
SALAM PSYCHIATRIC SERVICES PLC,VT,BRATTLEBORO,10126
SARA MOSS,VT,BRATTLEBORO,3095
SARAH PAGE,VT,BRATTLEBORO,2251
STEPHEN SPITZER,VT,BRATTLEBORO,1582
STEVEN GRUBER,VT,BRATTLEBORO,3506
STRATHAM ANESTHESIA ASSOCIATES PLLC,VT,BRATTLEBORO,29613
SUSAN BANDLER WAGNER,VT,BRATTLEBORO,693
SYDNEY CRYSTAL,VT,BRATTLEBORO,1695
"TRUE POINT DENTAL, PLLC",VT,BRATTLEBORO,36289
UNITED WAY OF WINDHAM COUNTY,VT,BRATTLEBORO,227
WENDY OSBORN,VT,BRATTLEBORO,505
WEST RIVER FAMILY DENTAL BRATTLEBORO,VT,BRATTLEBORO,210921
WHETSTONE COUNSELING LLC,VT,BRATTLEBORO,1583
WILLIAM LAX,VT,BRATTLEBORO,1327
YOSSRI KAIRLIS,VT,BRATTLEBORO,20784
"BRISTOL RESCUE SQUAD, INC.",VT,BRISTOL,11974
CAROLYN DUNDON,VT,BRISTOL,2037
CHIROPRACTIC HEALTH & WELLNESS PC,VT,BRISTOL,1018
DIANE K GREENBERG,VT,BRISTOL,33754
"FIVE-TOWN HEALTH ALLIANCE, INC",VT,BRISTOL,54381
"SYNERGY IN MOTION, LLC",VT,BRISTOL,2760
ADAM GRUNDT,VT,BURLINGTON,886
AFFILIATES IN OBSTETRICAL & GYNECOLOGICAL CARE INC,VT,BURLINGTON,2293
ALISON PRINE,VT,BURLINGTON,6
ALL SEASONS PHYSICAL THERAPY CONSULTANTS INC,VT,BURLINGTON,54801
"ALL WELLNESS, LLC",VT,BURLINGTON,1435
AMY SIEGEL LICSW LLC,VT,BURLINGTON,694
ANYA HUNTER,VT,BURLINGTON,200
"APPLETREE BAY PHYSICAL THERAPY, INC",VT,BURLINGTON,21468
ARNOLD KOZAK,VT,BURLINGTON,156
"ASSOCIATES IN DENTISTRY, INC.",VT,BURLINGTON,24091
"AWAKENING SANCTUARY, INC.",VT,BURLINGTON,84902
BACK NORTH CHIROPRACTIC CARE PLC,VT,BURLINGTON,547
BIRCHWOOD OPERATIONS LLC,VT,BURLINGTON,1415484
BRONWEN NEALE,VT,BURLINGTON,529
CANDIE KILLACKEY,VT,BURLINGTON,737
CAROL BENNETT,VT,BURLINGTON,465
CHIROPRACTIC WORKS INC.,VT,BURLINGTON,3387
CHITTENDEN DENTAL,VT,BURLINGTON,175338
CHRISTOPHER J HEBERT PC,VT,BURLINGTON,14569
CHROMA OPTICS,VT,BURLINGTON,29968
CITY OF BURLINGTON VERMONT,VT,BURLINGTON,54379
"COMMUNITY HEALTH CENTERS OF BURLINGTON, INC.",VT,BURLINGTON,637242
DARA CHIRASEVEENUPRAPUND,VT,BURLINGTON,13470
DAVID AVERILL DDS,VT,BURLINGTON,9880
DAVID HUESMAN INC,VT,BURLINGTON,2066
DORI WEIGAND,VT,BURLINGTON,1053
DOUGLAS BUGBEE,VT,BURLINGTON,125
DR. SARA CLEMENTS LLC,VT,BURLINGTON,825
ELIZABETH GOLDSTEIN,VT,BURLINGTON,701
"ELIZABETH NAYLOR, PHD, PLC",VT,BURLINGTON,90
ELLEN KIRSCHNER,VT,BURLINGTON,1907
ERIC NICHOLS,VT,BURLINGTON,978
EVOLUTION PHYSICAL THERAPY AND YOGA STUDIO INC,VT,BURLINGTON,3802
FRANK LANDRY MD PLC,VT,BURLINGTON,10200
GAIL STRAW,VT,BURLINGTON,1112
"GARNET TRANSPORT MEDICINE, LLC",VT,BURLINGTON,43099
GARY KELLER,VT,BURLINGTON,1449
GLENN SOBERMAN,VT,BURLINGTON,5529
GREEN MOUNTAIN INTERNAL MEDICINE PLC,VT,BURLINGTON,6259
GREEN MOUNTAIN REHABILITATION & SPORTS MEDICINE LLC,VT,BURLINGTON,4376
GREGORY G VRONA,VT,BURLINGTON,14659
HANNAH POWELL,VT,BURLINGTON,5958
HARVEY KLEIN,VT,BURLINGTON,4016
"HOWARDCENTER, INC.",VT,BURLINGTON,6532988
J ALLEN PUMA OD PC,VT,BURLINGTON,36504
JENNY ALINA MILLS,VT,BURLINGTON,60
JEREMY GARTNER,VT,BURLINGTON,1461
JESSICA HOUSER PHD,VT,BURLINGTON,3843
JESSICA PORTER,VT,BURLINGTON,345
JOANNA BERGER,VT,BURLINGTON,7
KATHERINE WILDE,VT,BURLINGTON,1684
KATHLEEN LEHN,VT,BURLINGTON,2782
KIMBERLY ZIEGELMAN,VT,BURLINGTON,461
"LAKESIDE PEDIATRICS, PLLC",VT,BURLINGTON,185876
"LAKESIDE PHARMACY, INC.",VT,BURLINGTON,761
"LAURA RABINOVITZ LICSW, PLC",VT,BURLINGTON,232
LAVOIE DENTAL PC,VT,BURLINGTON,92209
LISA LAX,VT,BURLINGTON,110
LOUISE MIGLIONICO,VT,BURLINGTON,1812
MARC D. RICHTER PLLC,VT,BURLINGTON,1152
"MARCIA W. HEMLEY PHD, P.C.",VT,BURLINGTON,1436
MARK BRADLEY,VT,BURLINGTON,1862
MARK HONIGMAN,VT,BURLINGTON,883
MARY ATKINS,VT,BURLINGTON,747
"MATRIX HEALTH SYSTEMS, P.C.",VT,BURLINGTON,67397
MICHAEL GILMAN,VT,BURLINGTON,970
MIRIAM LONDON,VT,BURLINGTON,1042
MOMENTUM PHYSICAL THERAPY PLC,VT,BURLINGTON,12012
MOVEWELL SPINE & SPORT LLC,VT,BURLINGTON,45425
"NETWORKS, INC.",VT,BURLINGTON,8274
NOEL WARWICK,VT,BURLINGTON,40
"PATRICIA DOHERTY, LICSW, PLC",VT,BURLINGTON,2051
PAUL A. AVERILL,VT,BURLINGTON,11206
"PAUL FOXMAN PH.D, INC.",VT,BURLINGTON,992
"PAUL G. COTTON MD, P.C.",VT,BURLINGTON,14552
POLLY MENENDEZ,VT,BURLINGTON,575
PT 360 INC,VT,BURLINGTON,50939
RICHARD E KAST MD PC,VT,BURLINGTON,2356
ROBERT CAPER,VT,BURLINGTON,37
ROBERT LINDER,VT,BURLINGTON,85
ROBYN TEBBETTS,VT,BURLINGTON,357
SHARON COLEMAN,VT,BURLINGTON,1509
SUZANNE PARKER,VT,BURLINGTON,435
TERESA YANDOW,VT,BURLINGTON,209
"THE CONVERSE HOME, INC.",VT,BURLINGTON,662831
THE UNIVERSITY OF VERMONT MEDICAL CENTER,VT,BURLINGTON,66317188
THERESE LAWRENCE,VT,BURLINGTON,1699
THOMAS FRANCO,VT,BURLINGTON,496
UNIVERSITY OF VERMONT AND STATE AGRICULTURAL COLLEGE,VT,BURLINGTON,10719
"UNIVERSITY OF VERMONT HEALTH NETWORK SPECIALTY CARE TRANSPORT, LLC",VT,BURLINGTON,12029
UNIVERSITY OF VERMONT NURSING AND HEALTH SCIENCES PRACTICE GROUP,VT,BURLINGTON,13803
VEENA RAJU,VT,BURLINGTON,62
VERMONT FAMILY PHARMACY INC,VT,BURLINGTON,928
VERMONT PHYSICAL THERAPY PLC,VT,BURLINGTON,7224
VERMONT PSYCHOLOGICAL SERVICES: LEITENBERG CENTER FOR EVIDENCE-BASED P,VT,BURLINGTON,362
VERMONT WELLNESS COLLABORATIVE LLC,VT,BURLINGTON,3084
VICTOR L. RATKUS DDS PC,VT,BURLINGTON,10082
WATER'S EDGE PSYCHOTHERAPY AND WELLNESS CENTER,VT,BURLINGTON,790
WILLARD STREET FAMILY DENTAL,VT,BURLINGTON,49615
WILLIAM BUTLER,VT,BURLINGTON,4086
WILLIAM SCHUBART,VT,BURLINGTON,2381
WORKPLACE SOLUTIONS INC,VT,BURLINGTON,4667
YANKEE MEDICAL INC,VT,BURLINGTON,63575
CABOT EMERGENCY AMBULANCE SERVICE INC,VT,CABOT,712
AVERY LEE,VT,CAMBRIDGE,249
FAMILY PRACTICE ASSOCIATES INC,VT,CAMBRIDGE,28666
DAVID HASSEBROEK DDS,VT,CASTLETON,26418
PAUL DIEKEL,VT,CASTLETON,2611
SALTIS HOME,VT,CASTLETON,1880
DEBORAH HARRISON OBRIEN,VT,CAVENDISH,243
"INTEGRATED NEUROLOGY, PC",VT,CENTER RUTLAND,5409
PROACTIVE PHYSICAL THERAPY,VT,CENTER RUTLAND,3793
CHARLOTTE VOLUNTEER FIRE AND RESCUE SERVICES INCORPORATED,VT,CHARLOTTE,4345
DWIGHT NORWOOD,VT,CHARLOTTE,1642
FIRST BRANCH AMBULANCE SERVICE INC.,VT,CHELSEA,6843
RIVERBEND RESIDENTIAL CARE HOME INC.,VT,CHELSEA,15009
COLEEN LAWLOR,VT,CHESTER,3057
DAVID LORD,VT,CHESTER,216
MARTHA STRETTON,VT,CHESTER,4556
TOWN OF CHESTER,VT,CHESTER,4652
"ACTD, LLC",VT,COLCHESTER,30102
ALPINE FAMILY DENTAL LLC,VT,COLCHESTER,294
"ARTHRITIS & RHEUMATOLOGY CENTER, PLC",VT,COLCHESTER,3847
"ASSOCIATES IN GASTROENTEROLOGY, PLLC",VT,COLCHESTER,19965
BARBARA KLEINMAN,VT,COLCHESTER,884
CHAD FELLOWS,VT,COLCHESTER,14930
CHAMPLAIN ANESTHESIA PLC,VT,COLCHESTER,3131
CHAMPLAIN CHIROPRACTIC SERVICES P.C.,VT,COLCHESTER,473
CHAMPLAIN COMMUNITY SERVICES INC.,VT,COLCHESTER,219526
CHAMPLAIN VALLEY HEMATOLOGY ONCOLOGY PC,VT,COLCHESTER,543322
CHRISTINE LEBIECKI,VT,COLCHESTER,1305
ELITE HEALTH AND WELLNESS LLC,VT,COLCHESTER,1698
"FOUR SEASONS DERMATOLOGY, LLC",VT,COLCHESTER,422829
GOLDEN COLCHESTER PLLC,VT,COLCHESTER,57637
GREEN MOUNTAIN NURSING AND REHABILITATION CENTER LLC,VT,COLCHESTER,596484
INSPIRE PHYSICAL THERAPY PLC,VT,COLCHESTER,6052
IVY LIEBMAN,VT,COLCHESTER,87
KENNETH LIEBMAN,VT,COLCHESTER,822
MAHONEY FAMILY CHIROPRACTIC LLC,VT,COLCHESTER,2799
MOUNTAIN LAKE PLASTIC SURGERY PLC,VT,COLCHESTER,22420
NORTHEASTERN REPRODUCTIVE MEDICINE PLLC,VT,COLCHESTER,68222
PALM DENTAL GROUP,VT,COLCHESTER,29609
"PLANNED PARENTHOOD OF NORTHERN NEW ENGLAND, INC.",VT,COLCHESTER,1747612
RICHARD D MORRISON,VT,COLCHESTER,4043
ROBERT J NARUCKI,VT,COLCHESTER,1512
"RONALD B. MILLER, PHD, PLLC",VT,COLCHESTER,422
SAINT MICHAELS COLLEGE FIRE AND RESCUE INC,VT,COLCHESTER,22367
STEPHEN PITMON,VT,COLCHESTER,73272
THE UNIVERSITY OF VERMONT HEALTH NETWORK HOME HEALTH & HOSPI,VT,COLCHESTER,869672
TOWN OF COLCHESTER,VT,COLCHESTER,14106
TRANSITIONS PHYSICAL THERAPY LLC,VT,COLCHESTER,9557
UPLIFT COUNSELING AND EMDR PLC,VT,COLCHESTER,965
VERMONT CTR FOR DENTAL IMPLANTS AND MAXILLOFACIAL SURGERY,VT,COLCHESTER,70570
VIRGINIA MACDONALD,VT,COLCHESTER,1004
MARGARET WORBOYS COUNSELING LLC,VT,CRAFTSBURY COMMON,1038
"CALEDONIA-ESSEX AREA AMBULANCE SERVICE, INC.",VT,DANVILLE,50382
CAROLYN GRAVES  LCMHC LLC,VT,DANVILLE,3919
MOUNTAINVIEW CHIROPRACTIC AND KINESIOLOGY,VT,DANVILLE,6862
BRANDON VANASSE DMD,VT,DERBY,120298
EDWARD STONEBRAKER,VT,DERBY,1003
PEGGY GREGORY,VT,DORSET,1228
LISA KELLY,VT,DUMMERSTON,1718
SANDRA T CAMPBELL,VT,E DUMMERSTON,661
DOUGLAS MCCORKLE,VT,EAST DUMMERSTON,1782
HARDWICK CHIROPRACTIC INC.,VT,EAST HARDWICK,2044
"VERMONT WELLNESS MEDICINE AND INTEGRATIVE ONCOLOGY, PLLC",VT,EAST MIDDLEBURY,4626
EAST MONTPELIER VOLUNTEER FIRE DEPARTMENT,VT,EAST MONTPELIER,5257
JENNIFER M DONOHUE,VT,EDEN,2307
KACEY BURAKOWSKI,VT,ELMORE,693
"COLD HOLLOW FAMILY PRACTICE, P.C.",VT,ENOSBURG FALLS,124053
OLIVIA LAPORTE,VT,ENOSBURG FALLS,2885
R.SCOTT DEBRRUIN DDS,VT,ENOSBURG FALLS,7269
TOWN OF ENOSBURGH,VT,ENOSBURG FALLS,14745
JAMES L SCHECHTER DDS PC,VT,ESSEX  JUNCTION,66599
BERNADETTE ONEIL,VT,ESSEX JCT,539
BRUCE BROWN,VT,ESSEX JCT,1186
"ESSEX PEDIATRICS, PC",VT,ESSEX JCT,74137
"NVOS, PC",VT,ESSEX JCT,95135
PLUM THERAPY,VT,ESSEX JCT,6176
PRAXIS INC.,VT,ESSEX JCT,9082
PRICE CHOPPER OPERATING CO OF VERMONT INC,VT,ESSEX JCT,7037
THE DENTISTS ON PEARL,VT,ESSEX JCT,21626
"TIFFANY RENAUD, INC.",VT,ESSEX JCT,18572
ADIRONDACK PULMONARY & SLEEP MEDICINE PLLC,VT,ESSEX JUNCTION,21254
ALDER BROOK DENTAL ASSOCIATES,VT,ESSEX JUNCTION,46490
AMBER MINTON,VT,ESSEX JUNCTION,2850
BIO MEDIC APPLIANCES INC,VT,ESSEX JUNCTION,24932
"CHAMPLAIN OBSTETRICS AND GYNECOLOGY, P.C.",VT,ESSEX JUNCTION,2951
CHAMPLAIN SPORTS MEDICINE,VT,ESSEX JUNCTION,6814
CHITTENDEN COUNTY CHIROPRACTIC INC.,VT,ESSEX JUNCTION,2221
DARRYL KOCH,VT,ESSEX JUNCTION,1058
DEBORAH JORDAN,VT,ESSEX JUNCTION,884
DOUGLAS DENNETT,VT,ESSEX JUNCTION,2047
ELAINE MORSE,VT,ESSEX JUNCTION,451
ELLEN ARROWSMITH,VT,ESSEX JUNCTION,48
ESSEX FAMILY DENTISTRY,VT,ESSEX JUNCTION,792194
ESSEX MANSFIELD LLC,VT,ESSEX JUNCTION,140533
ESSEX RESCUE INC,VT,ESSEX JUNCTION,22820
"EYECARE OF VERMONT, PLC.",VT,ESSEX JUNCTION,100731
HANNAH ENGELKEN LLC,VT,ESSEX JUNCTION,847
HOLLIDAY RAYFIELD,VT,ESSEX JUNCTION,1289
"INJURY TO EXCELLENCE, LLC",VT,ESSEX JUNCTION,2158
J. SCOTT THOMPSON PC,VT,ESSEX JUNCTION,20828
JAMES WARPINSKI,VT,ESSEX JUNCTION,220
JUDITH JEROME,VT,ESSEX JUNCTION,41
KATHERINE WIEBE,VT,ESSEX JUNCTION,1676
KERRY WIEBE,VT,ESSEX JUNCTION,1224
LECLAIR THERAPY INC,VT,ESSEX JUNCTION,139141
LEONIE A NELSON,VT,ESSEX JUNCTION,246
LYNN TALPERS,VT,ESSEX JUNCTION,54
MARGARET REILLY,VT,ESSEX JUNCTION,61
MARILYNNE JOHNSON,VT,ESSEX JUNCTION,4191
MARION PALERMO,VT,ESSEX JUNCTION,464
MOUNTAIN SPRING WELLNESS LLC,VT,ESSEX JUNCTION,296
"NILES KENWORTHY DENTAL, PLC",VT,ESSEX JUNCTION,53493
PHYSICAL THERAPY CENTER OF VERMONT LLC,VT,ESSEX JUNCTION,31383
ROBERT DUWORS,VT,ESSEX JUNCTION,2209
SUMMIT CHIROPRACTIC CENTER LLC,VT,ESSEX JUNCTION,7959
THOMAS P DOWHAN MD PC,VT,ESSEX JUNCTION,30782
FAIR HAVEN VOLUNTEER RESCUE SQUAD INC,VT,FAIR HAVEN,6663
"H&K DENTAL SERVICES,PLC",VT,FAIR HAVEN,59506
ALARICK INC,VT,FAIRFAX,535
ELIZABETH MILLS,VT,FAIRFAX,411
"FAIRFAX EMS, INC.",VT,FAIRFAX,6032
"FAIRFAX FAMILY PHYSICAL THERAPY, P.C.",VT,FAIRFAX,13074
"UPPER VALLEY AMBULANCE, INC",VT,FAIRLEE,18616
"CHARLES A MIRANDA, O.D.",VT,GEORGIA,6758
"UNION HOUSE NURSING HOME, INC",VT,GLOVER,526872
KAREN KNIGHT,VT,GRAFTON,40
"MARILYN GILBERT GABRIEL, PHD., LICSW",VT,GRAFTON,36039
GRAND ISLE RESCUE INC,VT,GRAND ISLE,3623
BENJAMIN C WELCH,VT,GREENSBORO,3477
CHLOE TARTAGLIA,VT,GREENSBORO,3429
GREENSBORO HOSPITAL ASSOC INC,VT,GREENSBORO,272051
RANDY J. BULPIN COUNSELING INC.,VT,GREENSBORO BEND,2085
ALAN MOOS,VT,GUILFORD,328
DEIRDRE H DONALDSON MD PLC,VT,GUILFORD,961
"JENNIFIR BAILES HART, LCMHC",VT,GUILFORD,957
MARANATHA NATURAL LIVING LLC,VT,GUILFORD,5535
ALEXANDRA GERSON,VT,HARDWICK,802
GWENDOLYN BUECKENDORF,VT,HARDWICK,1234
"HARDWICK EMERGENCY RESCUE SQUAD, INC.",VT,HARDWICK,9426
HELENE NILSEN,VT,HARDWICK,496
NORTHEAST KINGDOM DENTAL GROUP PLLC,VT,HARDWICK,14668
"RYU SAMARAI, INC",VT,HARDWICK,5133
"VICTORIA HILL PHYSICAL THERAPY, LLC",VT,HARDWICK,5039
WELLSPRING MULTIDISCIPLINARY HEALTH AND EDUCATION PROJECT INC,VT,HARDWICK,9267
"BROOKSIDE FAMILY HEALTH CENTER, PLLC",VT,HINESBURG,1985
DEE PHYSICAL THERAPY SERVICES LLC,VT,HINESBURG,41170
STEPHENS FAMILY DENTISTRY,VT,HINESBURG,57518
"VERMONT CHIROPRACTIC & SPORTS THERAPY,LLC",VT,HINESBURG,817
BRISTOL PARK DENTAL ASSOCIATES PLC,VT,HUNTINGTON,1269
HEAR TODAY LLC,VT,HYDE PARK,1685
KIMBERLY AUSTIN PULEIO,VT,HYDE PARK,1087
"NORTHEAST KINGDOM PHYSICAL THERAPY, PC",VT,ISLAND POND,22908
JOANNE BECK,VT,JAMAICA,150
MISSISQUOI VALLEY AMBULANCE SERVICE INC,VT,JAY,30254
CAMBRIDGE RESCUE SQUAD INC.,VT,JEFFERSONVILLE,3276
SUNRISE PHYSICAL THERAPY INC,VT,JEFFERSONVILLE,13922
DUNKLING & PENNEY DENTISTRY PARTNERSHIP,VT,JERICHO,42483
"FARRELL CHIROPRACTIC CENTER, INC.",VT,JERICHO,3461
"KINTNER CHIROPRACTIC CENTER, PC",VT,JERICHO,121
CHRISTOPHER ERSKINE,VT,JOHNSON,1140
COMMUNITY AMBULANCE SERVICE,VT,LUDLOW,26175
MASSACHUSETTS POST ACUTE MEDICAL SERVICES 1 PC,VT,LUDLOW,781245
"THE TRUSTEES OF THE GILL ODD FELLOWS HOME OF VERMONT, INC",VT,LUDLOW,718381
"JOHN E. ARMSTRONG, D.D.S.",VT,LYNDONVILLE,4985
LYNDON RESCUE INC,VT,LYNDONVILLE,18596
"LYNDONVILLE FAMILY CHIROPRACTIC, INC.",VT,LYNDONVILLE,3688
"PINE KNOLL NURSING HOME, INC",VT,LYNDONVILLE,846339
ALPINE PHYSICAL THERAPY & SPORTS CARE PC,VT,MANCHESTER,1358
ERIC R. NISENSON,VT,MANCHESTER,4662
JONATHAN E MASON DMD PC,VT,MANCHESTER,40117
KATHRYN FOX,VT,MANCHESTER,850
PINKUS FAMILY CHIROPRACTIC,VT,MANCHESTER,2367
SOUTHERN VERMONT AUDIOLOGY INC,VT,MANCHESTER,1176
APRIL STEIN,VT,MANCHESTER CENTER,1467
CAROL LOEFFLER,VT,MANCHESTER CENTER,2797
CHIROPRACTIC CARE CENTER INC,VT,MANCHESTER CENTER,114
CHRISTINE GRACE FRANCES,VT,MANCHESTER CENTER,1563
DONNA M MILLER MD,VT,MANCHESTER CENTER,6647
"EQUINOX TERRACE ASSOCIATES, LLC",VT,MANCHESTER CENTER,87596
GLEN C MACKENZIE MD,VT,MANCHESTER CENTER,5492
JOAN FISH,VT,MANCHESTER CENTER,4814
KEITH MICHL,VT,MANCHESTER CENTER,8709
MANCHESTER EYE CARE PC,VT,MANCHESTER CENTER,543
MANCHESTER PHYSICAL THERAPY PLC,VT,MANCHESTER CENTER,15002
"MANCHESTER RESCUE SQUAD, INC. D/B/A NORTHSHIRE RESCUE SQUAD",VT,MANCHESTER CENTER,23978
OCCUPATIONAL DISABILITY MANAGEMENT CENTER,VT,MANCHESTER CENTER,42926
PAIGE CHRIOPRACTIC AND ACUPUNCTURE PLLC,VT,MANCHESTER CENTER,693
PROSPECT REHABILITATION PC,VT,MANCHESTER CENTER,15597
ROBERT BROOKS,VT,MANCHESTER CENTER,643
ROSEANNE DENNAN,VT,MANCHESTER CENTER,702
SANDRA BIRCH,VT,MANCHESTER CENTER,272
TACONIC ORTHOPAEDICS PC,VT,MANCHESTER CENTER,39348
"THE PHARMACY - NORTHSHIRE, LLC",VT,MANCHESTER CENTER,3571
SHARON ALPER,VT,MANCHESTR CTR,472
ARNOLD KIRBACH,VT,MENDON,390
"ADDISON COUNTY HOME HEALTH & HOSPICE, INC.",VT,MIDDLEBURY,390734
ADDISON WELLNESS INC,VT,MIDDLEBURY,7810
"BARTLEY L. LARROW, JR.",VT,MIDDLEBURY,6067
BRIDGET SCHIRRIPA,VT,MIDDLEBURY,407
"CHAMPLAIN VALLEY ANESTHESIA, PLLC",VT,MIDDLEBURY,10
CHARLOTTE MCGRAY,VT,MIDDLEBURY,2245
COUNSELING SERVICE OF ADDISON COUNTY INC,VT,MIDDLEBURY,693318
CURTIS GROSS,VT,MIDDLEBURY,3048
DALY DENTAL PRACTICE,VT,MIDDLEBURY,19612
DOUGLAS ENGEL,VT,MIDDLEBURY,1054
"DOUGLAS L. DIER, M.D., P.C.",VT,MIDDLEBURY,13757
"EASTVIEW AT MIDDLEBURY, INC",VT,MIDDLEBURY,77521
ELDERLY SERVICES INC.,VT,MIDDLEBURY,59
ELIZABETH KEATHLEY,VT,MIDDLEBURY,811
EMILY MAHAR CANNON ND PC,VT,MIDDLEBURY,731
ERIK K. KOSKINEN DDS PC,VT,MIDDLEBURY,15574
"EYE CARE ASSOCIATES, PC",VT,MIDDLEBURY,53708
GREEN MOUNTAIN PRIMARY CARE PLC,VT,MIDDLEBURY,4723
"HELEN PORTER NURSING HOME, INC.",VT,MIDDLEBURY,708183
JOHN MCPARTLAND,VT,MIDDLEBURY,2261
JULIE TATKON,VT,MIDDLEBURY,1125
KATHRYN SAMUEL,VT,MIDDLEBURY,603
KRISTIN MITCHELL,VT,MIDDLEBURY,1125
MARY BREVDA,VT,MIDDLEBURY,1497
MARY CLAIRE DEHAVEN,VT,MIDDLEBURY,1307
"MCDANIEL CHIROPRACTIC CENTER, INC.",VT,MIDDLEBURY,1708
"MIDDLEBURY DENTAL, LLC",VT,MIDDLEBURY,74937
MIDDLEBURY EYE ASSOCIATES INC,VT,MIDDLEBURY,41244
MIDDLEBURY FAMILY HEALTH,VT,MIDDLEBURY,40024
"MIDDLEBURY PEDIATRIC DENTISTRY, PLLC",VT,MIDDLEBURY,80413
MIDDLEBURY PHYSICAL THERAPY PC,VT,MIDDLEBURY,10816
MIDDLEBURY VOLUNTEER AMBULANCE ASSOCIATION,VT,MIDDLEBURY,39258
NICHOLAS CANNON DC PC,VT,MIDDLEBURY,24227
"PORTER HOSPITAL, INC.",VT,MIDDLEBURY,6556103
REBECCA TURNER,VT,MIDDLEBURY,1297
THERESA GLEASON,VT,MIDDLEBURY,1444
THOMAS JACKSON,VT,MIDDLEBURY,346
VERMONT SPINEWORKS AND REHABILITATION,VT,MIDDLEBURY,2173
"VILLAGE HEALTH, INC.",VT,MIDDLEBURY,781
WINFIELD KELLEY,VT,MIDDLEBURY,759
"A FERAL WIND COUNSELING, INC",VT,MIDDLESEX,1114
AMY MILLER,VT,MIDDLESEX,553
EXCEL PHYSICAL THERAPY INC,VT,MILTON,34120
HEALTH CONSCIOUS INC,VT,MILTON,4576
OPEN HEART COUNSELING PLC,VT,MILTON,412
QUAIL HOLLOW COUNSELING LLC,VT,MILTON,1224
TOWN OF MILTON,VT,MILTON,9436
VT PHYSICAL MEDICINE PLLC,VT,MILTON,2069
ALISON ANDERSON,VT,MONTPELIER,4219
AMY HARRIS,VT,MONTPELIER,624
ANDREW STOLL,VT,MONTPELIER,6056
BACK AND NECK CENTER,VT,MONTPELIER,459
BRIAN C DOYLE MD PLC,VT,MONTPELIER,35937
CENTRAL VERMONT CHIROPRACTIC,VT,MONTPELIER,5887
CHARLES EVANS,VT,MONTPELIER,795
CHRISTOPHER STELLER,VT,MONTPELIER,2071
CITY OF MONTPELIER AMBULANCE,VT,MONTPELIER,15841
CLAIRE DUMAS,VT,MONTPELIER,1821
DEMARIS TISDALE,VT,MONTPELIER,3840
DR JAY KIMBERLEY PC,VT,MONTPELIER,4330
EDWIN V LARSON JR,VT,MONTPELIER,5599
"EILIS O'HERLIHY, LICSW",VT,MONTPELIER,806
FAMILY TREE COUNSELING ASSOCIATES PLC,VT,MONTPELIER,1392
"FOREST PATH COUNSELING, PLC",VT,MONTPELIER,358
FRANCIS KALIBAT,VT,MONTPELIER,4894
"FULL CIRCLE HEALTH AND WELLNESS, LLC",VT,MONTPELIER,2545
"GREEN MOUNTAIN WELLNESS SOLUTIONS, INC.",VT,MONTPELIER,3978
HEATHER MOZ,VT,MONTPELIER,854
HERBERT DENTAL PC,VT,MONTPELIER,13321
"HUBBARD PARK FAMILY DENTISTRY, PLLC",VT,MONTPELIER,11727
IRVIN EISENBERG,VT,MONTPELIER,110
JACOB RUSCZEK,VT,MONTPELIER,3279
JENNELLE ALVIN,VT,MONTPELIER,1713
JOHN PETERSON,VT,MONTPELIER,1678
JULIA GRESSER,VT,MONTPELIER,407
KATHERINE FETHERSTON,VT,MONTPELIER,1674
"KATHRYN RICKARD PSYD, PLLC",VT,MONTPELIER,5946
KRISTIN GLASER,VT,MONTPELIER,684
"LAURIE ANN FOREST, DDS",VT,MONTPELIER,219806
LINDA SUTER,VT,MONTPELIER,507
LISBETH DODD,VT,MONTPELIER,4519
LYNCH FAMILY CHIROPRACTIC LLC,VT,MONTPELIER,6010
MADGE FRAMPTON,VT,MONTPELIER,615
"MAIN STREET FAMILY DENTISTRY, PC",VT,MONTPELIER,222634
MARILYN TURCOTTE,VT,MONTPELIER,1340
MELVIN MILLER,VT,MONTPELIER,3570
NATHAN HASKELL,VT,MONTPELIER,2051
"OM FISHER HOME, INC.",VT,MONTPELIER,48041
PAMELA MILOSEVICH,VT,MONTPELIER,4212
PATRICIA DESROCHERS,VT,MONTPELIER,719
PATRICIA SONG,VT,MONTPELIER,1581
RACHEL MUELLER,VT,MONTPELIER,2800
RIVERSIDE CHIROPRACTIC LLC,VT,MONTPELIER,1458
RONALD WISDOM,VT,MONTPELIER,1674
RYAN STANTON PLC,VT,MONTPELIER,252
"SAGE NATUROPATHIC HEALTH, LLC",VT,MONTPELIER,3185
"SALLY A BISHKO, DDS",VT,MONTPELIER,87886
SHANE J LYNCH DC LLC,VT,MONTPELIER,4444
SHIPPEE FAMILY EYE CARE PC,VT,MONTPELIER,80651
TODD PAGE,VT,MONTPELIER,38902
"TREE OF LIFE MEDICINE, LLC",VT,MONTPELIER,27632
"VERMONT AUDIOLOGY, INC",VT,MONTPELIER,14932
VICTORIA RHODIN,VT,MONTPELIER,1486
"WASHINGTON COUNTY MENTAL HEALTH SERVICES, INC.",VT,MONTPELIER,1668048
WELL-NATURED PLLC,VT,MONTPELIER,1980
WISDOM CHIROPRACTIC INCORPORATED,VT,MONTPELIER,930
ZACH SARGENT,VT,MONTPELIER,2766
"PERSONALIZED PT, PC",VT,MORRISTOWN,40
ANNE VITALETTI-COUGHLIN,VT,MORRISVILLE,2251
"BETSY PEREZ UROLOGY, PLLC",VT,MORRISVILLE,17793
BRENDA CHRISTIE,VT,MORRISVILLE,133
"COPLEY HOSPITAL, INC.",VT,MORRISVILLE,6048899
"COPLEY PROFESSIONAL SERVICES GROUP, INC",VT,MORRISVILLE,793657
ELLEN GIBS,VT,MORRISVILLE,904
"GREEN MOUNTAIN SUPPORT SERVICES, INC.",VT,MORRISVILLE,799823
JOEL SILVERSTEIN,VT,MORRISVILLE,6298
KATHERINE DONNALLY,VT,MORRISVILLE,1596
KATHRYN WOLFE,VT,MORRISVILLE,277
LAMOILLE COUNTY MENTAL HEALTH SERVICES,VT,MORRISVILLE,321176
"LAMOILLE HOME HEALTH AGENCY, INC.",VT,MORRISVILLE,276906
"LISA L DANIELS, M.A. LCMHC",VT,MORRISVILLE,460
MAPLE LEAF FAMILY DENTISTRY,VT,MORRISVILLE,79830
MISSING LINK OCCUPATIONAL THERAPY SERVIC,VT,MORRISVILLE,10388
TAMARACK FAMILY MEDICINE,VT,MORRISVILLE,92531
THE MANOR INC,VT,MORRISVILLE,536648
VERMONT SURGPATH PLC,VT,MORRISVILLE,4626
MOUNT HOLLY VOLUNTEER RESCUE SQUAD INC.,VT,MT HOLLY,1315
EAGLE EYE FARM REHABILITATION CENTER,VT,NEWARK,98934
"VERMONT CONGREGATIONAL HOME, INC.",VT,NEWBURY,7966
JAMES CAREW LICSW LLC,VT,NEWFANE,13180
DAVID LAWLOR,VT,NEWPORT,22488
DONALD D. DAHLIN D.D.S.,VT,NEWPORT,25004
DOUGLAS FLINT,VT,NEWPORT,1355
ELAINE DAHL,VT,NEWPORT,1520
FRANCIS L PINARD OD PC,VT,NEWPORT,171747
"FREEDOM PHYSICAL THERAPY, P.C",VT,NEWPORT,13802
HARRIS INTEGRATIVE HEALTH & NUTRITION PC,VT,NEWPORT,660
JAMES V WYLLIE DDS PC,VT,NEWPORT,23400
LISA C ERWIN LICSW PLC,VT,NEWPORT,1533
MARGARET LORIOT,VT,NEWPORT,250
"MINDFUL PATHWAYS, LLC",VT,NEWPORT,1192
NEWPORT AMBULANCE SERVICE INC.,VT,NEWPORT,118816
"NEWPORT FAMILY DENTAL, PLC",VT,NEWPORT,21594
NORTH COUNTRY HOSPITAL & HEALTH CENTER INC,VT,NEWPORT,6594700
NORTHEAST KINGDOM HEMATOLOGY,VT,NEWPORT,19475
NORTHEAST KINGDOM HUMAN SERVICES INC.,VT,NEWPORT,865070
"NORTHEAST VISION CENTER, PC",VT,NEWPORT,89690
"ORLEANS ESSEX VNA & HOSPICE, INC.",VT,NEWPORT,240337
PAUL JULIEN,VT,NEWPORT,255
SILVER CORPORATION,VT,NEWPORT,366180
AVERY WOOD MD LLC,VT,NORTH BENNINGTON,6923
AVERY WOOD MD LLC,VT,NORTH BENNINGTON,4874
FELIPE STETSON,VT,NORTH BENNINGTON,1934
JOHN ORZEHOWSKI,VT,NORTH BENNINGTON,1856
SARA DIANE NOLAN LICSW PLC,VT,NORTH BENNINGTON,115
SARA NOLAN,VT,NORTH BENNINGTON,155
TEDD HABBERFIELD,VT,NORTH BENNINGTON,180
CROWN POINT PHYSICAL THERAPY ASSOCIATES PC,VT,NORTH SPRINGFIELD,5297
ERIN PALMER,VT,NORTHFIELD,1158
"MAYO HEALTHCARE, INC.",VT,NORTHFIELD,1252194
NORTHFIELD ELITE DENTAL,VT,NORTHFIELD,12677
NORTHFIELD PHARMACY INC,VT,NORTHFIELD,1581
TOWN OF NORTHFIELD,VT,NORTHFIELD,11877
BARRY WATERSON,VT,NORWICH,3221
CHARLES ANDERSON,VT,NORWICH,2014
CHRISTOPHER HASTINGS,VT,NORWICH,469
DOREEN SCHWEIZER,VT,NORWICH,657
JUST KIDS PEDIATRIC DENTISTRY PLC,VT,NORWICH,31585
LASELL BARTLETT,VT,NORWICH,551
MONICA DESCAMPS,VT,NORWICH,251
"VICTORIA BROOKS MSW, LICSW PSYCHOTHERAPY",VT,NORWICH,5555
WINIFRED KALEY,VT,NORWICH,1814
ORLEANS EMERGENCY UNIT INC,VT,ORLEANS,15008
HALLIE LOVETT,VT,PAWLET,1251
"ESSENTIAL PHYSICAL THERAPY & PILATES, LLC",VT,PLAINFIELD,6825
"NE WASHINGTON COUNTY COMMUNITY HEALTH, INC.",VT,PLAINFIELD,892518
DONNA P JOHNSON PHYSICAL THERAPY PC,VT,POULTNEY,15699
MICHAEL SCOVNER,VT,POULTNEY,10376
POULTNEY RESCUE SQUAD INC,VT,POULTNEY,6547
POWNAL RESCUE SQUAD INCORPORATED,VT,POWNAL,11147
SANDRA LASKY,VT,PROCTOR,3382
MAREKA OHLSON,VT,PUTNEY,457
ANN RAYNOLDS,VT,QUECHEE,2386
"ART OF BIRTH MIDWIFERY, PLC",VT,RANDOLPH,136
CHRISTOPHER M WILSON DDS PC,VT,RANDOLPH,20459
CLARA MARTIN CENTER,VT,RANDOLPH,734415
GIFFORD HEALTH CARE INC,VT,RANDOLPH,847701
GIFFORD MEDICAL CENTER INC,VT,RANDOLPH,5148081
"GIFFORD RETIREMENT COMMUNITY, INC",VT,RANDOLPH,216356
JOHN R LANSKY,VT,RANDOLPH,13645
RANDOLPH CHIROPRACTIC ASSOC LLC,VT,RANDOLPH,16685
"RESONANT MEDICINE, INC.",VT,RANDOLPH,21573
SHAWN MCDERMOTT,VT,RANDOLPH,899
SOARES OCULAR SURGERY,VT,RANDOLPH,21505
"UPPER VALLEY SERVICES, INC.",VT,RANDOLPH,505493
"AVE MARIA COMMUNITY CARE HOME, INC.",VT,RICHFORD,77100
"THE RICHFORD HEALTH CENTER, INC.",VT,RICHFORD,1025912
TOWN OF RICHFORD,VT,RICHFORD,10851
KATE SUSKIN,VT,RICHMOND,1329
KEVIN M DUNIHO,VT,RICHMOND,1483
"RICHMOND DENTAL, INC.",VT,RICHMOND,24058
RICHMOND FAMILY MEDICIN.ORG,VT,RICHMOND,206555
RICHMOND RESCUE INCORPORATED,VT,RICHMOND,5864
SAMANTHA BARR,VT,RICHMOND,1648
SCOTT SIMPSON,VT,RICHMOND,1195
"SYNERGIC HEALTH, LLC.",VT,RICHMOND,67
GLENN CRATTY,VT,RUPERT,1620
AARON JONES,VT,RUTLAND,453
ADVANCED ANKLE & FOOT CARE PLLC,VT,RUTLAND,10983
ALLAN EISEMANN,VT,RUTLAND,14682
ALLEN POND DENTAL PLC,VT,RUTLAND,133770
ASSOCIATES IN PRIMARY CARE LLC,VT,RUTLAND,12929
BACK ON TRACK PHYSICAL THERAPY PLLC,VT,RUTLAND,16161
BARBARA KIRK,VT,RUTLAND,129
BILANCIA INC,VT,RUTLAND,1795
BRADFORD PSYCHIATRIC ASSOCIATES LLC,VT,RUTLAND,13199
BRUCE D BULLOCK MD PC,VT,RUTLAND,859
CENTER FOR COMMUNICATION COGNITION AND SWALLOWING LLP,VT,RUTLAND,969
"CENTRAL VERMONT EYE CARE, P.C.",VT,RUTLAND,52802
"CHRIS R CORNELIUS, M.D. PC",VT,RUTLAND,5127
COMMUNITY HEALTH CENTERS OF THE RUTLAND REGION,VT,RUTLAND,1820596
"DOUGLAS M. WILSON, O.D., P.C.",VT,RUTLAND,5489
DR JENNIFER BRANDON LLC,VT,RUTLAND,1418
DR. SCOTT F WEBB OD,VT,RUTLAND,2656
DRS PETER AND LISA HOGENKAMP,VT,RUTLAND,30422
EDWARD XIPPOLITOS,VT,RUTLAND,1155
EILEEN REARDON,VT,RUTLAND,1083
"ELIZABETH H. FOLEY, M. D., PC",VT,RUTLAND,10847
EVERY BODY PT LLC,VT,RUTLAND,3903
FAMILY DENTAL ASSOCIATES LTD,VT,RUTLAND,50735
GREEN MOUNTAIN ORAL SURGERY LLC,VT,RUTLAND,625
HEATON & FISCH DENTAL ASSOCIATES,VT,RUTLAND,19708
HIGH MOUNTAIN CORPORATION,VT,RUTLAND,14407
HOPE MEDICAL CLINIC PLLC,VT,RUTLAND,3046
JAMES PERRY,VT,RUTLAND,485
"JENNIFER FAUNTLEROY, M.D., P.C.",VT,RUTLAND,7362
JODY TROMBETTA,VT,RUTLAND,920
KATHLEEN MEISINGER,VT,RUTLAND,23
LAURIE ANNE COOMBS INC,VT,RUTLAND,596
LIFE SOURCE CHIROPRACTIC INC,VT,RUTLAND,913
M HUGHES,VT,RUTLAND,344
MARBLE VALLEY HEALTHWORKS,VT,RUTLAND,14336
MARC CECIL,VT,RUTLAND,660
MARILYN PELLS-CYR,VT,RUTLAND,1424
"MARK A. PRICE, DDS, MSD, PC",VT,RUTLAND,30297
MARTHA BOWEN,VT,RUTLAND,115
MAURICE J CYR,VT,RUTLAND,9882
MINDS OVER MATTER PC,VT,RUTLAND,57591
"MORRIS PHYSICAL THERAPY, PC",VT,RUTLAND,9739
"MOUNTAIN VIEW PSYCHIATRY, PC",VT,RUTLAND,14837
NANCY DRISCOLL,VT,RUTLAND,2216
NANCY ELLERY,VT,RUTLAND,1528
NANCY FIELD,VT,RUTLAND,477
"PARIZO'S SPECTACLE SHOPPE, P.C.",VT,RUTLAND,6068
PATRICIA MCCULLAGH,VT,RUTLAND,1506
"PATRICK J. COOLEY, D.C., P.T., P.C.",VT,RUTLAND,16064
"REGIONAL AMBULANCE SERVICE, INC.",VT,RUTLAND,121857
"RICHARD DEL BIANCO, O.D., P.C",VT,RUTLAND,12754
"RUTLAND CROSSINGS, LLC",VT,RUTLAND,982534
RUTLAND DENTAL CARE PLC,VT,RUTLAND,46473
RUTLAND EYE CARE,VT,RUTLAND,95917
RUTLAND FAMILY DENTAL PLC,VT,RUTLAND,84908
"RUTLAND HOSPITAL, INC.",VT,RUTLAND,19662164
"RUTLAND MENTAL HEALTH SERVICES, INC.",VT,RUTLAND,642339
"RUTLAND NATUROPATHIC, PLLC",VT,RUTLAND,3657
RUTLAND RADIOLOGISTS PC,VT,RUTLAND,137116
RUTLAND SKIN CENTER PC,VT,RUTLAND,29275
SETH,VT,RUTLAND,664
SONIA YAU,VT,RUTLAND,137053
STEVEN MANN,VT,RUTLAND,4390
THE MEADOWS AT EAST MOUNTAIN,VT,RUTLAND,263732
"THOMAS E MCCORMICK, MD, PC",VT,RUTLAND,2835
TIMOTHY COOK,VT,RUTLAND,5453
VERMONT OPTICAL CORP,VT,RUTLAND,4618
VERMONT SPORTS MEDICINE CENTER,VT,RUTLAND,288067
"VNA & HOSPICE OF THE SOUTHWEST REGION, INC",VT,RUTLAND,916157
"WHOLE HEALTH NUTRITION, LLC",VT,RUTLAND,157
BRUCE CHALMER,VT,S BURLINGTON,14630
DR MARIA HEROD CRONYN,VT,S BURLINGTON,480
HOEPPNER PHYSICAL THERAPY LIMITED PARTNERSHIP,VT,S BURLINGTON,4292
KARA KRAUS,VT,S BURLINGTON,836
PAMELA STEEG,VT,S BURLINGTON,324
"PHOENIX PHYSICAL THERAPY, PLLC",VT,S BURLINGTON,9170
STEVEN SOBEL,VT,S BURLINGTON,1999
"TIMBER LANE ALLERGY & ASTHMA ASSOCIATES, PC",VT,S BURLINGTON,18147
"AMCARE MEDICAL SYSTEMS, INC.",VT,SAINT ALBANS,73860
CALLIA ZIMMERMAN,VT,SAINT ALBANS,1087
"CALM REFLECTIONS PSYCHOTHERAPY, LLC",VT,SAINT ALBANS,2185
DICKINSON BRANON DENTAL CARE,VT,SAINT ALBANS,404723
"FOUR C'S, INC",VT,SAINT ALBANS,34358
"FRANKLIN COUNTY HOME HEALTH AGENCY, INC.",VT,SAINT ALBANS,389117
"FRANKLIN COUNTY REHAB CENTER, LLC",VT,SAINT ALBANS,918170
GILLIAN J. IRELAND,VT,SAINT ALBANS,1667
HELEN KLEMCHUK,VT,SAINT ALBANS,1599
JESSICA LERMAN,VT,SAINT ALBANS,687
JOHN JOHNSON,VT,SAINT ALBANS,2137
MARY ANN YEATTS-PETERSON MD LLC,VT,SAINT ALBANS,1230
MATTHEW CLEAR,VT,SAINT ALBANS,3409
MICHELLE PELKEY,VT,SAINT ALBANS,808
NEUROLOGICAL ASSOCIATES OF VT,VT,SAINT ALBANS,1546
NORTHERN VALLEY EYECARE INC,VT,SAINT ALBANS,65857
"NORTHERN VERMONT DERMATOLOGY, PLC",VT,SAINT ALBANS,23082
NORTHWESTERN MEDICAL CENTER INC,VT,SAINT ALBANS,12545736
PATRICIA MICHELSON,VT,SAINT ALBANS,984
PRAXIS BEHAVIORAL HEALTH LLC,VT,SAINT ALBANS,41
REMY VALLEE DMD INC,VT,SAINT ALBANS,30183
ST ALBANS FAMILY CHIROPRACTIC INC,VT,SAINT ALBANS,3077
"THE VILLA REHAB CENTER, LLC",VT,SAINT ALBANS,290515
VERMONT MEDICAL SLEEP DISORDERS CENTER INC,VT,SAINT ALBANS,37830
"ABRY COUNSELING SERVICES, PLLC",VT,SAINT JOHNSBURY,1061
DARREN BOLES DDS PLLC,VT,SAINT JOHNSBURY,84131
EYE ASSOCIATES OF NORTHERN NEW ENGLAND LLP,VT,SAINT JOHNSBURY,52547
"NATURAL FAMILY HEALTH, PC",VT,SALISBURY,8587
HEATHER CHAUDOIR,VT,SAXTONS RIVER,1749
"CARMACK FAMILY DENTISTRY, PC",VT,SHAFTSBURY,29351
"SHAFTSBURY MEDICAL ASSOCIATES, INC.",VT,SHAFTSBURY,18041
"ADIRONDACK AUDIOLOGY ASSOCIATES HEARING AND BALANCE CENTER, LLC",VT,SHELBURNE,218
AMELIA GERLIN,VT,SHELBURNE,3306
AMELIA GERLIN,VT,SHELBURNE,4124
CHAMPLAIN CENTER FOR NATURAL MEDICINE,VT,SHELBURNE,19303
CHARLES CORBALLY PLLC,VT,SHELBURNE,647
CHARLES PAOLANTONIO,VT,SHELBURNE,466
CHRISTINE NORTHRUP,VT,SHELBURNE,4491
DAVID B SOLOMON,VT,SHELBURNE,15831
DAVID WOOL,VT,SHELBURNE,3603
EUGENE MOORE,VT,SHELBURNE,30
EVERY WOMAN PHYSICAL THERAPY LLC,VT,SHELBURNE,3850
GENE MOORE MD PLLC,VT,SHELBURNE,14211
GORDON GIEG,VT,SHELBURNE,739
GORDON GIEG MD PLLC,VT,SHELBURNE,3226
HAYES SOGOLOFF,VT,SHELBURNE,2448
HEALTH IN FOCUS: THE CENTER FOR CHIROPRACTIC & APPLIED KINES,VT,SHELBURNE,1652
JOHN F. GUERRIERE PC,VT,SHELBURNE,2677
JUDITH STEINBERG,VT,SHELBURNE,4114
KAREN CLEARY,VT,SHELBURNE,7378
LINDA ROSENBLAD,VT,SHELBURNE,1251
MAVIS MILNE,VT,SHELBURNE,450
MILES K COLAPRETE DC,VT,SHELBURNE,781
MILTON MARASCH,VT,SHELBURNE,4645
NANCY MIDDLETON,VT,SHELBURNE,419
RAE ANNE BARRY,VT,SHELBURNE,1399
"SHELBURNE DENTAL SERVICES, P.C.",VT,SHELBURNE,211290
SHELBURNE RESTORATIVE DENTISTRY LTD,VT,SHELBURNE,14839
STEPHEN PAULUS,VT,SHELBURNE,2267
SUSAN SHULL,VT,SHELBURNE,2672
TOWN OF SHELBURNE,VT,SHELBURNE,12454
TRAVIS J ELLIOTT ND LLC,VT,SHELBURNE,29808
VERGENNES VILLAGE LLC,VT,SHELBURNE,14860
WAKE ROBIN CORPORATION,VT,SHELBURNE,686175
"BOSTON PSYCHOTHERAPY, PLC",VT,SHREWSBURY,1575
BACK TO WELLNESS PLC,VT,SO BURLINGTON,2505
BETTY JO MORWOOD,VT,SO BURLINGTON,2642
DRS. MARKO FAMILY CHIROPRACTORS,VT,SO BURLINGTON,5838
VERMONT PAIN MANAGEMENT PC,VT,SO BURLINGTON,10784
AMY D CANDON PT PLC,VT,SOUTH BURLINGTON,2317
"ASSOCIATES IN ORTHODONTICS, PC",VT,SOUTH BURLINGTON,91259
ASSOCIATES IN PERIODONTICS,VT,SOUTH BURLINGTON,75131
BETTER LIVING AUDIOLOGY,VT,SOUTH BURLINGTON,120451
BLA PARTNERS LLC,VT,SOUTH BURLINGTON,1038759
BRENDA PITMON,VT,SOUTH BURLINGTON,1446
CANNIZZARO PHYSICAL THERAPY PLC,VT,SOUTH BURLINGTON,1597
CAROLYN RUSHFORD,VT,SOUTH BURLINGTON,99
CATAMOUNT PHYSICAL THERAPY LLC,VT,SOUTH BURLINGTON,8623
CATHEDRAL SQUARE CORPORATION,VT,SOUTH BURLINGTON,90338
CHAMPLAIN MEDICAL ASSOCIATES PLLC,VT,SOUTH BURLINGTON,984
CHAMPLAIN PERIODONTAL PC,VT,SOUTH BURLINGTON,83414
CHAMPLAIN SMILE SOLUTIONS,VT,SOUTH BURLINGTON,32005
CHIROPRACTIC FIRST,VT,SOUTH BURLINGTON,6085
CHRISTINA ALLEN,VT,SOUTH BURLINGTON,1242
CHRISTINE DIBLASIO,VT,SOUTH BURLINGTON,9045
CITY OF SO BURLINGTON,VT,SOUTH BURLINGTON,22275
CLIFFORD KARMIOHL,VT,SOUTH BURLINGTON,144
"CVOMS ASSOCIATES, P.C.",VT,SOUTH BURLINGTON,40358
"DORSET STREET FAMILY DENTAL, PLC",VT,SOUTH BURLINGTON,85810
"DRS. MEHAFFEY, LLC",VT,SOUTH BURLINGTON,44
"DTGC, PC",VT,SOUTH BURLINGTON,8256
ELENA RAMIREZ,VT,SOUTH BURLINGTON,921
ELEVATE HEALTH CHIROPRACTIC LLC,VT,SOUTH BURLINGTON,699
EYE VERMONT LLC,VT,SOUTH BURLINGTON,19995
GERALDINE OPPEDISANO,VT,SOUTH BURLINGTON,2623
GLENN BEATTY,VT,SOUTH BURLINGTON,1875
GREEN MOUNTAIN CHIROPRACTIC,VT,SOUTH BURLINGTON,5336
GREEN MOUNTAIN DENTAL,VT,SOUTH BURLINGTON,42698
HILLEMANN & KIRWAN MDS PC,VT,SOUTH BURLINGTON,39564
JENNIFER DALEY,VT,SOUTH BURLINGTON,1116
JESSICA G MCCLOUD,VT,SOUTH BURLINGTON,2029
JESSICA YOUNG,VT,SOUTH BURLINGTON,1726
"JJM MEDICAL SERVICES, PC",VT,SOUTH BURLINGTON,245010
JOHN MARTELL OD,VT,SOUTH BURLINGTON,2258
JOYCE HAGAN,VT,SOUTH BURLINGTON,360
KAREN SPERRY DDS,VT,SOUTH BURLINGTON,12412
KATARZYNA DIONNE DMD PC,VT,SOUTH BURLINGTON,26281
KIMBERLY EVANS,VT,SOUTH BURLINGTON,2178
"LAKE CHAMPLAIN GYNECOLOGIC ONCOLOGY, PC",VT,SOUTH BURLINGTON,49512
LISA HARRINGTON,VT,SOUTH BURLINGTON,20
LISA M STEPHEN PHD PC,VT,SOUTH BURLINGTON,692
"LORILEE SCHOENBECK,  ND PC",VT,SOUTH BURLINGTON,18445
MAITRI HEALTH CARE FOR WOMEN PC,VT,SOUTH BURLINGTON,78276
"MARY A. STANLEY, MD PC",VT,SOUTH BURLINGTON,11073
MICHELLE TURBIDE,VT,SOUTH BURLINGTON,47
MITCHELL SCHWARTZ,VT,SOUTH BURLINGTON,52370
MOLLY SHRIVER-BLAKE,VT,SOUTH BURLINGTON,2103
"NFI VERMONT, INC.",VT,SOUTH BURLINGTON,711013
"OPHTHALMIC CONSULTANTS OF VERMONT, PC",VT,SOUTH BURLINGTON,121069
PATRICIA SEAL,VT,SOUTH BURLINGTON,9316
PAUL G. BOERMAN DDS PC,VT,SOUTH BURLINGTON,58877
PAUL KENWORTHY DMD PC,VT,SOUTH BURLINGTON,2375
PEDIATRIC MEDICINE PLC,VT,SOUTH BURLINGTON,42156
PHYSIALIGN LLC,VT,SOUTH BURLINGTON,393
PINCOMBE & WILLIS,VT,SOUTH BURLINGTON,21540
REBECCA SHERLOCK,VT,SOUTH BURLINGTON,152
"RETINA CENTER OF VERMONT, INC",VT,SOUTH BURLINGTON,225330
SAMUEL R STOYAK MD PLC,VT,SOUTH BURLINGTON,3906
"SMART ENDODONTICS, PC",VT,SOUTH BURLINGTON,16485
SOMMERS CHIROPRACTIC LLC,VT,SOUTH BURLINGTON,11449
STAGERS ENTERPRISES LLC,VT,SOUTH BURLINGTON,71773
SUZANNE HARRIS,VT,SOUTH BURLINGTON,9
THE ADAMS CENTER FOR MIND & BODY LLC,VT,SOUTH BURLINGTON,291
"THE REHAB ZONE, INC",VT,SOUTH BURLINGTON,24155
THERESA MATOCHA,VT,SOUTH BURLINGTON,1267
TMS INC,VT,SOUTH BURLINGTON,35389
"VERMONT CATHOLIC CHARITIES, INC.",VT,SOUTH BURLINGTON,425871
VERMONT CENTER FOR INTEGRATIVE THERAPY LLC,VT,SOUTH BURLINGTON,24
VERMONT EYE ASSOCIATES,VT,SOUTH BURLINGTON,65228
"VERMONT EYE SURGERY & LASER CENTER,LLC",VT,SOUTH BURLINGTON,156483
VERMONT GYNECOLOGY PC,VT,SOUTH BURLINGTON,11639
VERMONT OPEN MRI,VT,SOUTH BURLINGTON,8848
VERMONT OROFACIAL PAIN ASSOCIATES PC,VT,SOUTH BURLINGTON,7466
VICTORIA COLVIN,VT,SOUTH BURLINGTON,2417
WAYFINDER WELLNESS AND PHYSICAL THERAPY,VT,SOUTH BURLINGTON,3138
"YELLOW HOUSE ENTERPRISES, LLC",VT,SOUTH BURLINGTON,3606
"AMAZING SMILES, INC.",VT,SOUTH HERO,43022
"BRENT A HEYN, D.C. & WINDY D. HEYN, D.C., PTRS",VT,SOUTH HERO,1309
"ISLAND PHYSICAL THERAPY, LLC",VT,SOUTH HERO,3586
SOUTH HERO PHARMACY LLC,VT,SOUTH HERO,707
SOUTH HERO RESCUE INC.,VT,SOUTH HERO,1098
DEAN HAMMER,VT,SOUTH LONDONDERRY,1428
ROYALTON FIRE DISTRICT 1,VT,SOUTH ROYALTON,5470
"SOUTH ROYALTON HEALTH CENTER, PC",VT,SOUTH ROYALTON,11718
ABIGAIL WARREN,VT,SPRINGFIELD,365
"AMAN U SYED, DDS PLLC",VT,SPRINGFIELD,16183
CYNTHIA ALDRICH PT LTD,VT,SPRINGFIELD,7109
EDWARD SMITH,VT,SPRINGFIELD,4652
FOSTERING WELLNESS SPRINGFIELD LLC,VT,SPRINGFIELD,14048
"HEALTH CARE & REHABILITATION OF SOUTHEASTERN VERMONT, INC.",VT,SPRINGFIELD,746347
KATHLEEN BELL,VT,SPRINGFIELD,1179
"LINCOLN STREET, INC.",VT,SPRINGFIELD,106226
MID VERMONT PATHOLOGY PC,VT,SPRINGFIELD,14210
SINCLAIRDMD&MAYOTTDDS PC,VT,SPRINGFIELD,40580
"SPRINGFIELD HOSPITAL, INC.",VT,SPRINGFIELD,6907686
"SPRINGFIELD MEDICAL CARE SYSTEMS, INC.",VT,SPRINGFIELD,2058926
"SPRINGFIELD ORTHODONTICS, PLLC",VT,SPRINGFIELD,41851
SPRINGFIELD PHARMACY INC,VT,SPRINGFIELD,7674
TOWN OF SPRINGFIELD,VT,SPRINGFIELD,16413
WENDY STEPHENS-GRUBE,VT,SPRINGFIELD,657
AMANDA CUSHING,VT,ST  JOHNSBURY,2082
"BACK TO HEALTH FAMILY CHIROPRACTIC, P.C.",VT,ST ALBANS,4582
CHOICE PHYSICAL THERAPY OF ST ALBANS,VT,ST ALBANS,115832
GOLDEN 10 MAPLEVILLE PLLC,VT,ST ALBANS,156314
NORTHWEST MEDICAL SURGICAL ASSOCIATES INC,VT,ST ALBANS,23104
NORTHWESTERN COUNSELING AND SUPPORT SERVICES,VT,ST ALBANS,794335
CRAIG S SCHEIN DPM,VT,ST JOHNSBURY,14696
DAVID BRODY,VT,ST JOHNSBURY,1977
DAVID SCRIBNER,VT,ST JOHNSBURY,3184
HOWARD CHIROPRACTIC ASSOCIATES INC,VT,ST JOHNSBURY,6471
KATHRYN COTE,VT,ST JOHNSBURY,1954
"NORTHEAST KINGDOM HEALTHCARE COLLABORATIVE, LLC",VT,ST JOHNSBURY,11982
NORTHEASTERN VERMONT REGIONAL HOSPITAL INC,VT,ST JOHNSBURY,6850508
"NORTHERN COUNTIES HEALTH CARE, INC",VT,ST JOHNSBURY,1652597
"RICHARD KOZLOWSKI, D.D.S.",VT,ST JOHNSBURY,18114
SARA DEMETRY,VT,ST JOHNSBURY,1933
ST JOHNSBURY PSYCHOLOGY ASSOCIATES PLLC,VT,ST JOHNSBURY,6287
"ST. JOHNSBURY DENTAL ASSOCIATES, INC",VT,ST JOHNSBURY,93076
VERMONT RADIOLOGISTS,VT,ST JOHNSBURY,92976
WILLIAM LONG,VT,ST JOHNSBURY,298
"ALLY WISE COUNSELING, LLC",VT,STOWE,815
BARBARA PUDDICOMBE,VT,STOWE,20
BPS HEALTH LLC,VT,STOWE,109
CROSS BORDER CHIROPRACTIC LIMITED LLC,VT,STOWE,3504
DAWN PALLADINO,VT,STOWE,210
DOROTHY BRODMANN,VT,STOWE,25
JAMES CHARKALIS,VT,STOWE,2714
JASON CHARKALIS,VT,STOWE,6
JASON CHARKALIS,VT,STOWE,229
KARIN SHEARER,VT,STOWE,4072
KATHLEEN DOEHLA,VT,STOWE,628
KIRSTEN ALEXANDER,VT,STOWE,2169
"NOONAN PHYSICAL THERAPY, PC",VT,STOWE,4189
"PINNACLE PHYSICAL THERAPY, INC",VT,STOWE,7647
STEPHEN KNIGHT,VT,STOWE,44
"STOWE FAMILY DENTISTRY, P.C",VT,STOWE,306200
STOWE PERSONALIZED MEDICAL CARE PLLC,VT,STOWE,6785
TAMARA BISBEE,VT,STOWE,2057
TOWN OF STOWE,VT,STOWE,5166
"VISIONS, INC",VT,STOWE,320
ANDREW WEST,VT,SWANTON,1232
"KEVIN F. BROWN, DMD",VT,SWANTON,202031
MICHAEL J CORRIGAN MD PC,VT,SWANTON,75170
"MISSISQUOI VALLEY RESCUE, INC.",VT,SWANTON,13285
ROXANNE L HANSON LADABOUCHE,VT,SWANTON,8542
UNITED DRUG STORE INC,VT,SWANTON,128
DUNCAN NICHOLS,VT,THETFORD,660
JESSICA LONDA,VT,THETFORD,81
"JOANN M. BERNS, PSY.D.",VT,THETFORD CENTER,1168
CARLOS G OTIS HEALTH CARE CENTER INC,VT,TOWNSHEND,4234140
JUDITH TIETZ,VT,TOWNSHEND,3358
"VALLEY CARES, INC",VT,TOWNSHEND,111698
LIAM FARRELL,VT,UNDERHILL,2952
ADDISON COUNTY CHIROPRACTIC CENTER LLC,VT,VERGENNES,3164
"DEREK CIMLER, DDS, PC",VT,VERGENNES,15812
"HOME AUDIOLOGY SERVICES, P.C.",VT,VERGENNES,5262
LONG TRAIL ON THE FALLS PHYSICAL THERAPY PC,VT,VERGENNES,5492
"SPECIALEYES PROFESSIONAL EYE CARE SERVICES, PLLC",VT,VERGENNES,1966
SUSAN RAKOWSKI,VT,VERGENNES,713
VERGENNES AREA RESCUE SQUAD INC.,VT,VERGENNES,12288
"VERNON ADVENT CHRISTIAN HOME, INC.",VT,VERNON,491046
CHRISTINE HAMEL,VT,WAITSFIELD,2509
HAYLEY HAMILTON,VT,WAITSFIELD,1943
MAD RIVER EYE CARE PLLC,VT,WAITSFIELD,5258
"MAD RIVER VALLEY AMBULANCE SERVICE, INC.",VT,WAITSFIELD,5744
ROBERTA ROOD,VT,WAITSFIELD,407
"VTPT, INC.",VT,WAITSFIELD,12843
"DAVID A. BAASCH, DDS, PC",VT,WALLINGFORD,192849
DEAN MOONEY,VT,WALLINGFORD,13038
MAPLE LEAF CLINIC P.C.,VT,WALLINGFORD,102112
"THRIVE CENTER OF THE GREEN MOUNTAINS, INC.",VT,WALLINGFORD,1375
"WALLINGFORD RESCUE, INC.",VT,WALLINGFORD,2020
ANN M GANNON,VT,WATERBURY,1786
GILLIAN SKOVRON,VT,WATERBURY,304
KIRBY HOUSE INC,VT,WATERBURY,12819
"MARION M. FRASER, DC PLC",VT,WATERBURY,5596
MICHELE REED,VT,WATERBURY,785
NICOLE TESSIER,VT,WATERBURY,897
"PROVENCHER PHYSICAL THERAPY, INC.",VT,WATERBURY,5369
RAYMOND VANVOORHIS,VT,WATERBURY,1495
SPORTS & FAMILY CHIROPRACTIC LTD,VT,WATERBURY,378
STATE OF VERMONT,VT,WATERBURY,2066293
WATERBURY EYE CARE CENTER PLC,VT,WATERBURY,1168
JUDITH TAIPA LOTSPEICH,VT,WATERBURY CENTER,153
"WATERBURY AMBULANCE SERVICE, INC.",VT,WATERBURY CENTER,9848
CHERISSE DESROSIERS,VT,WATERVILLE,662
VILLAGE HEALTHWORKS CHIRO LLC,VT,WELLS,2877
ALLISON LINE-ANDREWS,VT,WELLS RIVER,276
RENEE SCHULZE,VT,WELLS RIVER,1285
"TODD HOLT PHYSICAL THERAPY, LLC",VT,WELLS RIVER,5672
HEATHER AXMAN,VT,WEST DOVER,939
BERTOLD FRANCKE,VT,WEST GLOVER,822
GLOVER AMBULANCE SQUAD INC,VT,WEST GLOVER,8765
SUSAN HANEWALD,VT,WEST NEWBURY,1987
ASSOCIATES IN PODIATRY PC,VT,WEST PAWLET,14655
PHYSICAL THERAPY OPTIONS PLLC,VT,WESTFIELD,714
SOJOURNS COMMUNITY HEALTH CLINIC,VT,WESTMINSTER,242474
DEVON JERSILD,VT,WEYBRIDGE,2156
ARTHUR PISTEY,VT,WHITE RIVER JCT,1119
WHITE RIVER FAMILY PRACTICE PC,VT,WHITE RIVER JCT,57790
DIANE ROSTON,VT,WHITE RIVER JUNCTION,2036
JANICE TURNER,VT,WHITE RIVER JUNCTION,4372
JOYCE PERKINS,VT,WHITE RIVER JUNCTION,3228
JULIA HEALY MSW LLC,VT,WHITE RIVER JUNCTION,318
JUNCTION EYE CENTER LLC,VT,WHITE RIVER JUNCTION,8494
"KEENE PERSPECTIVES, PLLC.",VT,WHITE RIVER JUNCTION,22676
KIM ESTES MSW LLC,VT,WHITE RIVER JUNCTION,53
MARI N BERRY DMD PLC,VT,WHITE RIVER JUNCTION,11113
"MARK C. JOHNSON, PH.D.",VT,WHITE RIVER JUNCTION,16172
"NEW ENGLAND DERMATOLOGY, PLLC",VT,WHITE RIVER JUNCTION,34289
PEGASUS COUNSELING LLC,VT,WHITE RIVER JUNCTION,1427
REBECCA B. CHOLLET,VT,WHITE RIVER JUNCTION,7237
"SCHRAMM AND SYMANCYK, LLC",VT,WHITE RIVER JUNCTION,35409
"SHARON L. GOEDKOOP, LICSW",VT,WHITE RIVER JUNCTION,438
SUZANNE CARLISLE STEBENNE,VT,WHITE RIVER JUNCTION,1523
"THE VILLAGE AT WHITE RIVER JUNCTION, LLC",VT,WHITE RIVER JUNCTION,46438
TOWN OF HARTFORD,VT,WHITE RIVER JUNCTION,12999
VISITING NURSE ASSOCIATION AND HOSPICE OF VERMONT AND NEW HA,VT,WHITE RIVER JUNCTION,1742163
GWYN CATTELL,VT,WHITING,3924
"ANDERSON CHIROPRACTIC, LLC",VT,WILDER,32402
ARLIENE M. PEARSON,VT,WILLIAMSTOWN,163371
JAMES GARAND,VT,WILLIAMSTOWN,926
MARGARET PEHLE,VT,WILLIAMSTOWN,2319
TOWN OF WILLIAMSTOWN,VT,WILLIAMSTOWN,4376
CYNTHIA CUTTING,VT,WILLIAMSVILLE,336
AMANDA LORRAIN,VT,WILLISTON,1723
ANDREW WILLIAMS,VT,WILLISTON,267
"BENJAMIN PHYSICAL MEDICINE, PLC",VT,WILLISTON,12386
BISACCIA CHIROPRACTORS PC,VT,WILLISTON,1542
"CHAMPLAIN ORTHODONTIC ASSOCIATES, LTD",VT,WILLISTON,61294
"CONTEMPORARY DENTAL ARTS, P.C.",VT,WILLISTON,63199
CORNERSTON PHYSICAL THERAPY PC,VT,WILLISTON,8292
D DOUGLAS SHAW,VT,WILLISTON,1029
"DAVID W. BEESON, O.D., P.C.",VT,WILLISTON,52472
DONNA LEMAY,VT,WILLISTON,13
EVERGREEN FAMILY HEALTH PARTNERS,VT,WILLISTON,142250
"HAIG PHYSICAL MEDICINE, PLC",VT,WILLISTON,4302
"JACE MOLINARI DMD, PC",VT,WILLISTON,119305
JANE SHUSTIN,VT,WILLISTON,466
JESSICA RODD,VT,WILLISTON,139
JILL ENTIS,VT,WILLISTON,3783
JOHN W DONNELLY,VT,WILLISTON,39575
"KIM BUTTERFIELD, MSW",VT,WILLISTON,1017
KIMBERLY A HUBECK,VT,WILLISTON,732
LAKESHORE HAND SURGERY PLLC,VT,WILLISTON,2743
LAMOILLE AMBULANCE SERVICE INC,VT,WILLISTON,54247
LILLIAN BOREK,VT,WILLISTON,976
LISA ANGSTMAN,VT,WILLISTON,7850
MARK SCHULTZ,VT,WILLISTON,1297
MICHAEL R DORR,VT,WILLISTON,937
NASH PSYCHOLOGICAL SERVICES LLC,VT,WILLISTON,1294
NAYA PYSKACEK,VT,WILLISTON,688
PATRICIA PATI,VT,WILLISTON,1324
PHARMACY DIRECT DELIVERY LLC,VT,WILLISTON,125013
PRIMARY CARE HEALTH PARTNERS - NEW YORK,VT,WILLISTON,28215
"PRIMARY CARE HEALTH PARTNERS - VERMONT, LLP",VT,WILLISTON,401706
"PULMONARY INTERNISTS, INC.",VT,WILLISTON,10623
PURE AUDIOLOGY LLC,VT,WILLISTON,204
REBECCA BROOKLYN,VT,WILLISTON,1274
REEM KOINIS LCMHC PLLC,VT,WILLISTON,1094
ROBIN LESSOFF,VT,WILLISTON,2735
ROSCOE FERRIS,VT,WILLISTON,1798
RYAN D GOSLIN DDS PC,VT,WILLISTON,18291
SUSAN LILLICH,VT,WILLISTON,106
SUSAN ROBINSON,VT,WILLISTON,560
"SUZANNE MONZEL, PLC",VT,WILLISTON,878
THE REHABGYM INC,VT,WILLISTON,58506
THOMAS BARRITT,VT,WILLISTON,1041
"THOMAS CHITTENDEN HEALTH CENTER, PLC",VT,WILLISTON,65609
TOWN OF WILLISTON,VT,WILLISTON,10238
"VIZURI HEALTH CENTER, INC",VT,WILLISTON,63126
WELLFOUND PHYSICAL THERAPY AND FITNESS LLC,VT,WILLISTON,122
"ACDC, DDS, PC",VT,WILLSTON,213098
"DEERFIELD VALLEY RESCUE, INC.",VT,WILMINGTON,42311
PT PLUS LLC,VT,WILMINGTON,7882
ROBERT S RUHL DMD PC,VT,WILMINGTON,38427
CEDAR HILL HEALTH CARE CORP,VT,WINDSOR,347130
"CONNECTICUT VALLEY RECOVERY SERVICES, INC.",VT,WINDSOR,9128
DANA DESCHAMP,VT,WINDSOR,970
DANIEL P RODEN,VT,WINDSOR,485
JOSE E PERAZA MD PLLC,VT,WINDSOR,21000
JOSE E. PERAZA,VT,WINDSOR,127701
MAXI GREEN INC,VT,WINDSOR,23854
TOWN OF WINDSOR,VT,WINDSOR,99425
VILLAGE AT CEDAR HILL INC,VT,WINDSOR,80079
WINDSOR HOSPITAL CORPORATION,VT,WINDSOR,5411297
JESSICA MORRISON,VT,WINOOSKI,6
"JONATHAN E FENTON, DO, PC",VT,WINOOSKI,3318
"ONION RIVER CHIROPRACTIC, INC",VT,WINOOSKI,1930
"OUR LADY OF PROVIDENCE, INC",VT,WINOOSKI,182718
TIMBERLANE PHYSICAL THERAPY INC,VT,WINOOSKI,18506
VERMONT DENTAL CARE PROGRAM,VT,WINOOSKI,252899
"TRACY L ULRICH, LLC",VT,WOLCOTT,1976
"VITALITY HOME BIRTH, PLLC",VT,WOLCOTT,1890
ALBERT I PRISTAW,VT,WOODSTOCK,646
CALEB SHEPHERD,VT,WOODSTOCK,871
CHIROPRACTIC & WELLNESS STUDIO PLLC,VT,WOODSTOCK,891
DIANNE LANGONA,VT,WOODSTOCK,108
HUGH HERMANN,VT,WOODSTOCK,1563
KAREN CHALOM,VT,WOODSTOCK,544
"MARK D. KNOTT, DDS, PLC",VT,WOODSTOCK,162862
MARK STICKNEY,VT,WOODSTOCK,18191
MELINDA HAAS,VT,WOODSTOCK,1231
OTTAUQUECHEE PHYSICAL THERAPY SERVICES LLC,VT,WOODSTOCK,27086
"TERRACE COMMUNITIES WOODSTOCK, LLC",VT,WOODSTOCK,66287
TOWN OF WOODSTOCK,VT,WOODSTOCK,7946
"UPPER VALLEY REHABILITATION, INC.",VT,WOODSTOCK,19524
WOODSTOCK PHARMACY INC,VT,WOODSTOCK,237
COLLEEN KUTIN,VT,WORCESTER,1300
